Name,Type,Expires
trialbikesuk.com,Main,2017-03-29
markbensonbuildingservices.co.uk,Addon,Not Found
buydmso.co.uk,Addon,Not Found
dimethylsulfoxide.co.uk,Addon,Not Found
wikdex.com,Addon,Not Found
cloudforcemarketing.com,Addon,Not Found
videoprintuk.com,Addon,Not Found
buycycloastragenol.co.uk,Addon,Not Found
minoxidilspray.co.uk,Addon,Not Found
dmsoforhorses.co.uk,Addon,Not Found
minoxidil5forwomen.co.uk,Addon,Not Found
sevenoffice.co.uk,Addon,Not Found
buyminoxidil.co.uk,Addon,Not Found
palmerdehal.com,Unassigned,Not Found
cloudviewproperties.com,Addon,Not Found
cloudviewproperties.co.uk,Addon,Not Found
buymsm.co.uk,Addon,Not Found
minoxidilprogro.com,Addon,Not Found
hedturnerprojects.co.uk,Addon,Not Found
twingables.co.uk,Addon,Not Found
londoneducationaccountancylondon.com,Addon,Not Found
londoneducationaccountancylondon.org,Addon,Not Found
londoneducationaccountancylondon.co.uk,Addon,Not Found
londoneducationaccountancytraining.com,Addon,Not Found
londoneducationaccountancytraining.co.uk,Addon,Not Found
londoneducationaccountancytraining.org,Addon,Not Found
jbvsm.com,Unassigned,Not Found
eyelashenhancerserum.com,Addon,Not Found
eyebrowenhancerserum.com,Addon,Not Found
raperformanceuk.com,Addon,Not Found
climbaccountingladder.com,Addon,Not Found
climbaccountingladder.co.uk,Addon,Not Found
youraccountsdepartment.london,Addon,Not Found
leat-practicalaccountingtraining.com,Addon,Not Found
leat-youraccountsdepartment.com,Addon,Not Found
leat-accountingcourses.com,Addon,Not Found
hedturnergroup.com,Addon,Not Found
